timestamp,model,command,cost,input_files,output_files
2026-01-31T23:22:54.079,,sync,0.0,,
2026-01-31T23:23:02.493,,sync,0.0,,
2026-01-31T23:23:10.502,,sync,0.0,,
2026-01-31T23:23:24.092,,sync,0.0,,
2026-01-31T23:23:34.599,,sync,0.0,,
2026-01-31T23:23:45.551,,sync,0.0,,
2026-01-31T23:23:57.568,,sync,0.0,,
2026-01-31T23:24:08.497,,sync,0.0,,
2026-01-31T23:26:46.778,,sync,0.0,,
2026-01-31T23:26:54.328,,sync,0.0,,
2026-01-31T23:27:01.709,,sync,0.0,,
2026-01-31T23:27:09.032,,sync,0.0,,
2026-01-31T23:27:16.162,,sync,0.0,,
2026-01-31T23:27:23.599,,sync,0.0,,
2026-01-31T23:27:31.374,,sync,0.0,,
2026-01-31T23:27:38.574,,sync,0.0,,
2026-01-31T23:02:09.298,anthropic,generate,5.0987642000000015,https://github.com/guptaraghav29/PDD-Hackathon/issues/9,
